Pantalon Largo Lacoste,LEGS,Verde,algodon,MEDIUM,SEMIFORMAL,Pantalon Lacoste liviano en buen estado,32x30,pantLacosteVerde.jpeg,,
Camisa 1,CHEST,Rosa,algodon,MEDIUM,SEMIFORMAL,Camisa a cuadros,Medium,camisaACuadrosRosaBrooksfield.png,,
Camisa 2,CHEST,Azul,algodon,MEDIUM,SEMIFORMAL,Camisa a cuadros,Medium,camisaAzulACuadrosPolo.png,,
Camisa 3,CHEST,Azul,algodon,MEDIUM,SEMIFORMAL,Camisa con patron floreado,Medium,camisaAzulConFlores.jpg,,
Camisa 4,CHEST,Azul,algodon,MEDIUM,SEMIFORMAL,Camisa con patron,Medium,camisaAzulPatron.png,,
Camisa 5,CHEST,Blanco,algodon,MEDIUM,SEMIFORMAL,Camisa Lisa,Medium,camisaBlancaMangaLisa.jpg,,
Camisa 6,CHEST,Bordo,algodon,MEDIUM,SEMIFORMAL,Camisa Lisa,Medium,camisaBordoLisaPolo.png,,
Camisa 7,CHEST,Celeste,algodon,MEDIUM,SEMIFORMAL,Camisa Lisa,Medium,camisaCelesteLisaPolo.jpg,,
Camisa 8,CHEST,Celeste,algodon,MEDIUM,SEMIFORMAL,Camisa con patron puntitos,Medium,camisaCelestePuntitosFormal.jpg,,
Camisa 9,CHEST,Negro,algodon,MEDIUM,SEMIFORMAL,Camisa con patron,Medium,camisaConPatronNegraPolo.png.png,,
Camisa 10,CHEST,Blanco-Negro,algodon,MEDIUM,SEMIFORMAL,Camisa cuadriculada,Medium,camisaCuadriculadaBlancaNegraPolo.png,,
Camisa 11,CHEST,Bordo,algodon,MEDIUM,SEMIFORMAL,Camisa cuadriculada,Medium,camisaCuadriculadaBordoLacoste.png,,
Camisa 12,CHEST,Blanco,algodon,MEDIUM,SEMIFORMAL,Camisa cuadriculada colorida,Medium,camisaCuadriculadaColoridaBlancaPolo.png,,
Camisa 13,CHEST,Marron-Azul,algodon,MEDIUM,SEMIFORMAL,Camisa cuadriculada,Medium,camisaCuadriculadaMarronAzulBrooksfield.png,,
Camisa 14,CHEST,Marron,algodon,MEDIUM,SEMIFORMAL,Camisa cuadriculada,Medium,camisaCuadriculadaMarronPolo.png,,
Camisa 15,CHEST,Negro-Blanco,algodon,MEDIUM,SEMIFORMAL,Camisa cuadriculada,Medium,camisaCuadriculadaNegraBlancaLacoste.png,,
Camisa 16,CHEST,Rojo-Blanco,algodon,MEDIUM,SEMIFORMAL,Camisa cuadriculada,Medium,camisaCuadriculadaRojaBlancaLacoste,,
Camisa 17,CHEST,Verde,algodon,MEDIUM,SEMIFORMAL,Camisa cuadriculada,Medium,camisaCuadriculadaVerdePolo.png,,
Camisa 18,CHEST,Azul,algodon,MEDIUM,SEMIFORMAL,Camisa cuadriculada,Medium,camisaCuadriculadoAzulLacoste.png,,
Camisa 19,CHEST,Azul,algodon,MEDIUM,SEMIFORMAL,Camisa cuadriculado fino,Medium,camisaCuadriculadoFinoAzulLacoste.png,,
Camisa 20,CHEST,Azul,algodon,MEDIUM,SEMIFORMAL,Camisa cuadriculado grande,Medium,camisaCuadriculadoGrandeAzulLacoste.png,,
Camisa 21,CHEST,Azul,algodon,MEDIUM,SEMIFORMAL,Camisa con patron floreado,Medium,camisaFloresAzules.jpg,,
Camisa 22,CHEST,Gris,algodon,MEDIUM,SEMIFORMAL,Camisa rayada,Medium,camisaGrisRayadaPolo.jpg,,
Camisa 23,CHEST,Amarillo,algodon,MEDIUM,SEMIFORMAL,Camisa Lisa,Medium,camisaLisaAmarilloPatitoLacoste.png,,
Camisa 24,CHEST,Azul,algodon,MEDIUM,SEMIFORMAL,Camisa Lisa,Medium,camisaLisaAzulOscuroFarenheite.png,,
Camisa 25,CHEST,Beige,algodon,MEDIUM,SEMIFORMAL,Camisa Lisa,Medium,camisaLisaBeigeBambu.png,,
Camisa 26,CHEST,Blanco,algodon,MEDIUM,SEMIFORMAL,Camisa Lisa,Medium,camisaLisaBlancaFarenheite.png,,
Camisa 27,CHEST,Blanco,algodon,MEDIUM,SEMIFORMAL,Camisa Lisa,Medium,camisaLisaBlancaPolo.png,,
Camisa 28,CHEST,Cage,algodon,MEDIUM,SEMIFORMAL,Camisa Lisa,Medium,camisaLisaCafeBambu.png,,
Camisa 29,CHEST,Celeste,algodon,MEDIUM,SEMIFORMAL,Camisa Lisa,Medium,camisaLisaCelesteLacoste.png,,
Camisa 30,CHEST,Lila,algodon,MEDIUM,SEMIFORMAL,Camisa Lisa,Medium,camisaLisaLilaBambu.png,,
Camisa 31,CHEST,Marron,algodon,MEDIUM,SEMIFORMAL,Camisa Lisa,Medium,camisaLisaMarronLacoste.png,,
Camisa 32,CHEST,Morada,algodon,MEDIUM,SEMIFORMAL,Camisa Lisa,Medium,camisaLisaMoradaBambu.png,,
Camisa 33,CHEST,Morado claro,algodon,MEDIUM,SEMIFORMAL,Camisa Lisa,Medium,camisaLisaMoradoClaroBambu.png,,
Camisa 34,CHEST,Negro,algodon,MEDIUM,SEMIFORMAL,Camisa Lisa,Medium,camisaLisaNegraLacoste.png,,
Camisa 35,CHEST,Negro,algodon,MEDIUM,SEMIFORMAL,Camisa Lisa,Medium,camisaLisaNegraPolo.png,,
Camisa 36,CHEST,Rojo,algodon,MEDIUM,SEMIFORMAL,Camisa Lisa,Medium,camisaLisaRojaFarenheite.png,,
Camisa 37,CHEST,Rosa claro,algodon,MEDIUM,SEMIFORMAL,Camisa Lisa,Medium,camisaLisaRosaClaroPolo.png,,
Camisa 38,CHEST,Verde agua,algodon,MEDIUM,SEMIFORMAL,Camisa Lisa,Medium,camisaLisaVerdeAguaPolo.png.png,,
Camisa 39,CHEST,Marron,algodon,MEDIUM,SEMIFORMAL,Camisa con patron militar,Medium,camisaMilitarMarronDC.png,,
Camisa 40,CHEST,Negra,algodon,MEDIUM,SEMIFORMAL,Camisa con patron militar,Medium,camisaMilitarNegraFarenheite.png,,
Camisa 41,CHEST,Negro,algodon,MEDIUM,SEMIFORMAL,Camisa lisa,Medium,camisaNegraLisaPolo.png,,
Camisa 42,CHEST,Azul,algodon,MEDIUM,SEMIFORMAL,Camisa con patron,Medium,camisaPatronAzulBrooksfield.png,,
Camisa 43,CHEST,Negra,algodon,MEDIUM,SEMIFORMAL,Camisa con patron de puntitos,Medium,CamisaPuntitosNegrosBlancaLacoste.png,,
Camisa 44,CHEST,Blanco,algodon,MEDIUM,SEMIFORMAL,Camisa con puntos de colores,Medium,camisaPuntosColoresBlanca.jpg.jpg,,
Camisa 45,CHEST,Blanco,algodon,MEDIUM,SEMIFORMAL,Camisa con patron,Medium,camisaPuntosColores.jpg,,
Camisa 46,CHEST,Celeste-Blanco,algodon,MEDIUM,SEMIFORMAL,Camisa rayada,Medium,camisaRayadaCelesteBlancaBrooksfield.png,,
Camisa 47,CHEST,Celeste-Blanco,algodon,MEDIUM,SEMIFORMAL,Camisa rayada,Medium,camisaRayadaCelesteBlancaPolo.png,,
Camisa 48,CHEST,Gris,algodon,MEDIUM,SEMIFORMAL,Camisa rayada,Medium,camisaRayadaGrisBrooksfield.png,,
Camisa 49,CHEST,Rosa,algodon,MEDIUM,SEMIFORMAL,Camisa rayada,Medium,camisaRosaRallada.jpg,,
Camisa 50,CHEST,Verde,algodon,MEDIUM,SEMIFORMAL,Camisa lisa,Medium,camisaVerdeLisaPolo.png,,
Camisa 51,CHEST,Violeta,algodon,MEDIUM,SEMIFORMAL,Camida lisa,Medium,camisaVioletaLisaPolo.png,,
